Code,Name,Sector,Industry,Close,Volume,RVOL,Daily_Chg%,Weekly_Chg%,Monthly_Chg%,Daily_Amount_B,Weekly_Amount_B,Monthly_Amount_B,Market_Cap_B
BBD,BBD,Financial Services,Banks - Regional,4.34,74832014.0,1.0,-3.77,23.3,22.25,0.32,0.32,0.32,44.9
ZG,ZG,Communication Services,Internet Content & Information,27.97,1361381.0,1.54,-1.38,0.97,-15.32,0.04,0.04,0.04,6.72
JNJ,J&J,Healthcare,Drug Manufacturers - General,258.45,6050983.0,0.75,1.44,-2.38,-3.96,1.56,1.56,1.56,618.09
TSM,TSMC,Technology,Semiconductors,472.2,13244224.0,1.48,-2.09,3.51,7.56,6.25,6.25,6.25,2375.35
AMD,AMD,Technology,Semiconductors,645.86,23369562.0,1.25,-0.55,5.57,27.71,15.09,15.09,15.09,1013.24
GC=F,Gold (黃金),Index,Market Index,4174.9,9105.0,0.07,0.83,-0.65,-6.41,0.04,0.04,0.04,0.0
CRM,Salesforce,Technology,Software - Application,224.56,6155822.0,0.85,-0.19,-2.18,-9.86,1.38,1.38,1.38,187.48
COCO,COCO,Consumer Defensive,Beverages - Non-Alcoholic,50.65,2239711.0,2.09,-7.03,-11.54,-4.92,0.11,0.11,0.11,3.24
PLUG,PLUG,Industrials,Electrical Equipment & Parts,1.78,53851702.0,1.24,-4.3,-8.25,-21.24,0.1,0.1,0.1,2.42
CMCSA,CMCSA,Communication Services,Telecom Services,20.94,44455142.0,1.76,-2.88,-3.77,-20.47,0.93,0.93,0.93,75.27
TSLA,Tesla,Consumer Cyclical,Auto Manufacturers,377.81,28215427.0,0.78,-0.75,6.48,2.62,10.66,10.66,10.66,1481.08
ABBV,AbbVie,Healthcare,Drug Manufacturers - General,271.36,4301279.0,0.77,1.75,3.73,9.08,1.17,1.17,1.17,481.4
MSFT,Microsoft,Technology,Software - Infrastructure,529.76,19593392.0,0.96,0.09,3.29,7.25,10.38,10.38,10.38,3880.66
ONDS,ONDS,Technology,Communication Equipment,7.19,60542247.0,1.31,-2.97,-1.91,-5.64,0.44,0.44,0.44,3.99
FRO,FRO,Energy,Oil & Gas Midstream,53.06,6375509.0,1.61,0.55,7.69,13.81,0.34,0.34,0.34,12.52
CMG,CMG,Consumer Cyclical,Restaurants,30.77,70870702.0,4.03,-0.42,-3.69,-16.75,2.18,2.18,2.18,41.35
NVDA,NVIDIA,Technology,Semiconductors,237.47,117720595.0,1.08,-0.74,3.98,5.2,27.96,27.96,27.96,5565.4
MNDY,MNDY,Technology,Software - Application,83.51,836200.0,0.93,-0.93,6.44,-0.19,0.07,0.07,0.07,3.76
ACN,ACN,Technology,Information Technology Services,196.64,12043190.0,1.05,1.68,7.24,9.84,2.37,2.37,2.37,127.5
PG,P&G,Consumer Defensive,Household & Personal Products,147.82,10055825.0,1.18,-0.4,1.75,1.54,1.49,1.49,1.49,349.77
GRAB,GRAB,Technology,Software - Application,3.08,65352859.0,0.83,0.33,-0.96,-5.23,0.2,0.2,0.2,12.72
TXN,Texas Inst,Technology,Semiconductors,288.98,5850256.0,1.44,-2.78,3.17,11.61,1.69,1.69,1.69,263.2
V,Visa,Financial Services,Credit Services,372.1,6405857.0,1.47,0.39,3.55,0.94,2.38,2.38,2.38,704.2
MANE,MANE,Healthcare,Biotechnology,110.95,3489827.0,5.48,1.83,-8.48,6.86,0.39,0.39,0.39,5.29
^VIX,VIX,Index,Market Index,15.41,0.0,0.0,2.19,-5.98,-6.38,0.0,0.0,0.0,0.0
^DJI,Dow Jones,Index,Market Index,51231.64,449593741.0,0.99,0.1,0.6,-2.19,23033.42,23033.42,23033.42,0.0
META,Meta,Communication Services,Internet Content & Information,721.31,15887049.0,1.2,-2.38,-0.53,17.58,11.46,11.46,11.46,1836.47
NOK,NOK,Technology,Communication Equipment,10.62,69968204.0,1.01,-3.19,4.73,-0.28,0.74,0.74,0.74,56.77
SOFI,SOFI,Financial Services,Credit Services,15.66,49646331.0,1.2,-0.63,-0.38,-13.05,0.78,0.78,0.78,20.16
ORCL,Oracle,Technology,Software - Infrastructure,143.56,42005435.0,1.83,-0.84,4.56,-11.67,6.03,6.03,6.03,411.34
MARA,MARA,Financial Services,Capital Markets,10.36,47742698.0,1.39,-5.56,-8.56,-12.43,0.49,0.49,0.49,3.83
CSGP,CSGP,Real Estate,Real Estate Services,27.6,9467084.0,2.07,-0.11,0.73,-9.03,0.26,0.26,0.26,12.08
IREN,IREN,Financial Services,Capital Markets,35.71,55259600.0,1.38,-7.7,-12.15,-21.29,1.97,1.97,1.97,14.07
WULF,WULF,Financial Services,Capital Markets,13.65,45854200.0,1.55,-5.21,-8.45,-20.32,0.63,0.63,0.63,6.81
FLUT,FLUT,Consumer Cyclical,Gambling,81.58,3696400.0,1.38,7.55,6.68,-17.87,0.3,0.3,0.3,14.16
NFLX,Netflix,Communication Services,Entertainment,71.57,46060600.0,1.26,2.68,5.48,-5.87,3.3,3.3,3.3,298.01
DOCS,DOCS,Healthcare,Health Information Services,29.38,5196300.0,1.87,6.1,3.09,21.46,0.15,0.15,0.15,5.24
AAL,AAL,Industrials,Airlines,12.8,67162000.0,1.16,-0.39,-2.51,-1.08,0.86,0.86,0.86,8.47
HURN,HURN,Industrials,Consulting Services,165.31,360900.0,1.24,5.56,-1.85,10.45,0.06,0.06,0.06,2.63
DIS,Disney,Communication Services,Entertainment,107.02,14271300.0,1.89,2.17,5.62,2.73,1.53,1.53,1.53,184.79
XOM,Exxon Mobil,Energy,Oil & Gas Integrated,168.5,13288100.0,1.22,2.71,2.86,2.6,2.24,2.24,2.24,692.86
MSTR,MicroStrategy,Technology,Software - Application,151.47,23624800.0,1.13,-1.24,-5.63,14.14,3.58,3.58,3.58,60.4
QCOM,Qualcomm,Technology,Semiconductors,176.01,9555600.0,0.97,-0.63,-3.34,-0.22,1.68,1.68,1.68,187.95
BRK-B,Berkshire,Financial Services,Insurance - Diversified,511.05,4678900.0,1.22,0.95,2.11,0.85,2.39,2.39,2.39,1094.01
DNN,DNN,Energy,Uranium,2.36,57198800.0,1.89,-7.81,-7.09,-29.55,0.13,0.13,0.13,2.14
F,F,Consumer Cyclical,Auto Manufacturers,12.25,58938000.0,1.44,1.07,-0.16,-8.92,0.72,0.72,0.72,48.85
INTC,Intel,Technology,Semiconductors,107.08,119637300.0,1.29,-5.34,-10.77,0.79,12.81,12.81,12.81,566.04
^GSPC,S&P 500,Index,Market Index,7765.36,3518934000.0,0.65,-0.47,1.29,1.69,27325.79,27325.79,27325.79,0.0
AAPL,Apple,Technology,Consumer Electronics,340.42,35279900.0,1.05,1.11,3.06,7.95,12.01,12.01,12.01,4968.15
WMT,Walmart,Consumer Defensive,Discount Stores,110.56,23751200.0,1.15,2.22,6.04,4.47,2.63,2.63,2.63,879.85
MA,Mastercard,Financial Services,Credit Services,574.76,3391300.0,1.42,0.82,4.5,1.28,1.95,1.95,1.95,503.5
JMKE,JMKE,Consumer Cyclical,Restaurants,17.3,4892100.0,1.44,5.55,3.16,-22.66,0.08,0.08,0.08,4.04
^IXIC,Nasdaq,Index,Market Index,27193.34,7830408000.0,1.01,-1.25,1.2,3.58,212934.95,212934.95,212934.95,0.0
KO,Coca-Cola,Consumer Defensive,Beverages - Non-Alcoholic,87.77,15885600.0,0.89,2.27,1.94,0.25,1.39,1.39,1.39,377.63
AVGO,Broadcom,Technology,Semiconductors,360.14,27042200.0,1.13,-4.35,4.8,-1.16,9.74,9.74,9.74,1719.18
FIGS,FIGS,Consumer Cyclical,Apparel Manufacturing,14.98,5964700.0,1.66,6.54,6.39,12.97,0.09,0.09,0.09,2.49
UNH,UnitedHealth,Healthcare,Healthcare Plans,370.95,7282200.0,1.53,-1.34,1.57,-5.63,2.7,2.7,2.7,332.96
COST,Costco,Consumer Defensive,Discount Stores,947.92,2271800.0,1.16,0.6,3.6,5.02,2.15,2.15,2.15,420.05
LRCX,Lam Research,Technology,Semiconductor Equipment & Materials,320.59,8996800.0,1.24,-2.71,-5.74,1.5,2.88,2.88,2.88,401.19
ASAN,ASAN,Technology,Software - Application,9.87,6487700.0,1.37,5.79,10.53,19.64,0.06,0.06,0.06,2.26
SECZ,SECZ,Technology,Software - Application,12.66,7850200.0,2.22,11.05,-7.86,50.18,0.1,0.1,0.1,2.07
JPM,JPMorgan,Financial Services,Banks - Diversified,331.42,8060800.0,1.2,0.56,-0.53,-6.57,2.67,2.67,2.67,880.98
APLD,APLD,Technology,Information Technology Services,23.85,55283900.0,1.99,0.17,-1.28,-12.12,1.32,1.32,1.32,7.14
BAC,Bank of America,Financial Services,Banks - Diversified,53.61,59771500.0,1.6,0.17,-0.22,-14.46,3.2,3.2,3.2,374.88
SPCX,SPCX,Industrials,Aerospace & Defense,160.57,70378400.0,0.69,-4.19,8.44,8.82,11.3,11.3,11.3,2116.6
ECO,ECO,Industrials,Marine Shipping,94.44,1029300.0,1.39,7.27,10.15,31.77,0.1,0.1,0.1,3.69
GOOG,Alphabet,Communication Services,Internet Content & Information,344.86,13956400.0,0.92,-0.72,2.96,5.02,4.81,4.81,4.81,4217.62
NU,NU,Financial Services,Banks - Regional,15.38,82411500.0,0.73,-1.28,15.73,2.53,1.27,1.27,1.27,74.3
BTC-USD,Bitcoin,Crypto,Cryptocurrency,81579.73,45905637376.0,1.88,-2.04,-3.76,6.77,3744969.34,3744969.34,3744969.34,0.0
AMZN,Amazon,Consumer Cyclical,Internet Retail,254.06,38544500.0,1.09,-2.25,2.35,0.66,9.79,9.79,9.79,2740.37
PCG,PCG,Utilities,Utilities - Regulated Electric,12.67,47028300.0,1.4,-0.94,4.11,-10.71,0.6,0.6,0.6,38.04
BAH,BAH,Industrials,Consulting Services,72.87,2187800.0,0.95,6.09,3.41,0.93,0.16,0.16,0.16,8.77
ERAS,ERAS,Healthcare,Biotechnology,15.46,9611600.0,1.93,9.49,6.04,-1.53,0.15,0.15,0.15,5.41
SSL,SSL,Basic Materials,Specialty Chemicals,15.14,2297100.0,1.39,6.62,8.45,3.84,0.03,0.03,0.03,9.71
HG=F,Copper (銅),Index,Market Index,6.59,3336.0,3.81,-0.11,1.65,-3.15,0.0,0.0,0.0,0.0
HD,Home Depot,Consumer Cyclical,Home Improvement Retail,295.47,8908100.0,1.66,3.39,4.61,-4.83,2.63,2.63,2.63,294.79
CIFR,CIFR,Technology,Information Technology Services,13.5,57201800.0,1.8,-7.28,-12.68,-20.12,0.77,0.77,0.77,5.6
PLTR,Palantir,Technology,Software - Infrastructure,198.78,41802500.0,2.4,2.4,4.6,17.25,8.31,8.31,8.31,477.68
HRC=F,Steel (熱軋鋼),Index,Market Index,1296.0,8.0,0.93,1.65,1.65,5.02,0.0,0.0,0.0,0.0
CDE,CDE,Basic Materials,Gold,16.87,49853800.0,1.56,2.24,-3.93,-19.67,0.84,0.84,0.84,17.34
LLY,Eli Lilly,Healthcare,Drug Manufacturers - General,1169.6,3090500.0,1.45,-1.61,1.72,4.04,3.61,3.61,3.61,1042.98
PBF,PBF,Energy,Oil & Gas Refining & Marketing,89.34,3064200.0,0.98,6.76,8.5,16.77,0.27,0.27,0.27,10.59
SAIC,SAIC,Technology,Information Technology Services,129.71,564800.0,1.37,6.25,2.7,2.78,0.07,0.07,0.07,5.43
CL=F,Crude Oil (原油),Index,Market Index,91.04,6004.0,0.02,3.13,-1.97,-5.22,0.0,0.0,0.0,0.0
SMCI,Super Micro,Technology,Computer Hardware,42.77,38724400.0,1.2,-4.83,2.03,9.86,1.66,1.66,1.66,28.1
COIN,Coinbase,Financial Services,Financial Data & Stock Exchanges,172.0,11032800.0,1.4,-3.61,-9.13,-1.56,1.9,1.9,1.9,45.38
Z,Z,Communication Services,Internet Content & Information,29.17,9135400.0,2.9,6.93,5.12,-9.24,0.27,0.27,0.27,6.56
CRWV,CoreWeave,Technology,Software - Infrastructure,81.58,42122500.0,1.84,-7.77,-7.89,-14.07,3.44,3.44,3.44,44.99
AMAT,Applied Mat,Technology,Semiconductor Equipment & Materials,509.57,6748000.0,1.33,-2.13,-3.73,8.69,3.44,3.44,3.44,404.39
GDDY,GDDY,Technology,Software - Infrastructure,103.19,1832400.0,1.19,6.15,6.4,10.25,0.19,0.19,0.19,13.07
HAE,HAE,Healthcare,Medical Devices,119.47,2775200.0,5.33,17.46,14.47,15.81,0.33,0.33,0.33,5.44
ADBE,Adobe,Technology,Software - Application,241.05,5802200.0,1.42,3.56,-0.1,-5.42,1.4,1.4,1.4,93.82
MDT,MDT,Healthcare,Medical Devices,87.75,105664000.0,2.44,2.62,1.52,-4.51,9.27,9.27,9.27,112.24
SI=F,Silver (白銀),Index,Market Index,60.25,2121.0,15.55,0.59,-0.78,-11.32,0.0,0.0,0.0,0.0
MMS,MMS,Industrials,Specialty Business Services,58.77,1119600.0,1.42,5.61,9.79,4.74,0.07,0.07,0.07,3.08
MU,Micron,Technology,Semiconductors,1035.84,29788300.0,1.03,-4.79,-5.61,0.79,30.86,30.86,30.86,1169.87
