Code,Close,Daily_Chg%,Daily_Amount_B,Volume,Sector,Name,Industry,RVOL,Weekly_Chg%,Monthly_Chg%,Vol_Increase
5274.TWO,19395.0,-2.218300983110663,51.2031879,264002.0,伺服器IC,信驊,伺服器IC,0,0,0,0
6669.TW,2100.0,-0.7092198581560284,34.498191,1642771.0,AI伺服器,緯穎,AI伺服器,0,0,0,0
3661.TW,3685.0,-2.2546419098143233,43.3714182,1176972.0,ASIC設計,世芯-KY,ASIC設計,0,0,0,0
7769.TWO,5585.0,-1.4991181657848323,55.4498906,992836.0,IC測試(興櫃),鴻勁,IC測試(興櫃),0,0,0,0
6515.TW,5675.0,-2.9914529914529915,21.82111275,384513.0,一般,穎崴,一般,0,0,0,0
2059.TW,12115.0,-1.9028340080971662,54.33953065,448531.0,一般,川湖,一般,0,0,0,0
3008.TW,6020.0,-3.6028823058446755,107.4025792,1784096.0,光學鏡頭,大立光,光學鏡頭,0,0,0,0
3443.TW,7925.0,-7.038123167155426,85.82117225,1082917.0,一般,創意,一般,0,0,0,0
3653.TW,6895.0,-0.36127167630057805,114.46120595,1660061.0,一般,健策,一般,0,0,0,0
6510.TWO,3140.0,-5.13595166163142,24.1326584,768556.0,一般,精測,一般,0,0,0,0
6223.TWO,5185.0,-4.247460757156047,58.59086295,1130007.0,一般,旺矽,一般,0,0,0,0
3131.TWO,2475.0,2.6970954356846475,13.768227,556292.0,一般,弘塑,一般,0,0,0,0
3529.TWO,3305.0,2.321981424148607,77.7142988,2351416.0,一般,力旺,一般,0,0,0,0
2330.TW,2475.0,0.0,665.610363,26893348.0,半導體業,台積電,半導體業,0,0,0,0
8299.TWO,2115.0,-0.4705882352941176,47.28668355,2235777.0,一般,群聯,一般,0,0,0,0
2383.TW,4920.0,-2.5742574257425743,105.6263976,2146878.0,一般,台光電,一般,0,0,0,0
2454.TW,4910.0,-7.095553453169347,675.5309097,13758267.0,IC設計,聯發科,IC設計,0,0,0,0
3665.TW,2445.0,4.487179487179487,111.3795789,4555402.0,一般,貿聯-KY,一般,0,0,0,0
6805.TW,2515.0,-0.592885375494071,26.297343,1045620.0,一般,富世達,一般,0,0,0,0
3017.TW,3400.0,-4.360056258790436,133.552952,3928028.0,一般,奇鋐,一般,0,0,0,0
3533.TW,1710.0,1.183431952662722,35.9607528,2102968.0,一般,嘉澤,一般,0,0,0,0
5269.TW,1475.0,-0.33783783783783783,3.76509975,255261.0,一般,祥碩,一般,0,0,0,0
6442.TW,1500.0,-1.9607843137254901,12.76338,850892.0,一般,光聖,一般,0,0,0,0
6781.TW,1010.0,0.4975124378109453,2.5607338,253538.0,一般,AES-KY,一般,0,0,0,0
2345.TW,1810.0,-4.485488126649076,75.2594561,4157981.0,一般,智邦,一般,0,0,0,0
2308.TW,1835.0,-3.926701570680628,264.32846535,14404821.0,一般,台達電,一般,0,0,0,0
6409.TW,877.0,-0.22753128555176336,1.97624934,225342.0,一般,旭隼,一般,0,0,0,0
2404.TW,1220.0,-5.058365758754864,36.9262646,3026743.0,一般,漢唐,一般,0,0,0,0
7734.TWO,2680.0,-2.5454545454545454,5.0235528,187446.0,封裝材料(興櫃),印能科技,封裝材料(興櫃),0,0,0,0
1590.TW,1210.0,0.0,11.4170034,943554.0,一般,亞德客-KY,一般,0,0,0,0
3324.TW,1630.0,-4.678362573099415,64.2935244,3944388.0,一般,雙鴻,一般,0,0,0,0
8210.TW,877.0,-2.229654403567447,9.97285812,1137156.0,一般,勤誠,一般,0,0,0,0
4749.TWO,764.0,4.945054945054945,8.30791936,1087424.0,一般,新應材,一般,0,0,0,0
2360.TW,2185.0,-4.793028322440087,53.1969714,2434644.0,一般,致茂,一般,0,0,0,0
7750.TWO,1960.0,-0.5076142131979695,1.6152752,82412.0,工具機(興櫃),新代,工具機(興櫃),0,0,0,0
5536.TWO,902.0,0.0,6.37838476,707138.0,一般,聖暉*,一般,0,0,0,0
3491.TWO,1510.0,-2.8938906752411575,23.5251507,1557957.0,一般,昇達科,一般,0,0,0,0
1519.TW,688.0,-1.5736766809728182,8.54113472,1241444.0,一般,華城,一般,0,0,0,0
6944.TWO,776.0,2.1052631578947367,5.23351472,674422.0,廢水處理(興櫃),兆聯實業,廢水處理(興櫃),0,0,0,0
6739.TWO,1125.0,1.3513513513513513,2.0459475,181862.0,半導體設備(興櫃),竹陞科技,半導體設備(興櫃),0,0,0,0
7751.TWO,1555.0,2.6402640264026402,2.9389811,189002.0,自動化(興櫃),竑騰,自動化(興櫃),0,0,0,0
3293.TWO,779.0,2.3653088042049935,27.21081276,3493044.0,一般,鈊象,一般,0,0,0,0
7805.TWO,489.0,-1.8072289156626504,0.28078869,57421.0,網通(興櫃),威聯通,網通(興櫃),0,0,0,0
6640.TWO,1040.0,2.9702970297029703,4.574856,439890.0,一般,均華,一般,0,0,0,0
5289.TWO,1280.0,-1.9157088122605364,11.4204288,892221.0,工控記憶體,宜鼎,工控記憶體,0,0,0,0
4583.TW,429.0,0.0,0.16543527,38563.0,一般,台灣精銳,一般,0,0,0,0
2368.TW,1120.0,1.3574660633484164,98.76188,8818025.0,一般,金像電,一般,0,0,0,0
3081.TWO,2650.0,-1.8518518518518516,32.9831455,1244647.0,一般,聯亞,一般,0,0,0,0
4966.TWO,569.0,-0.5244755244755245,1.32451251,232779.0,一般,譜瑞-KY,一般,0,0,0,0
7728.TWO,607.0,2.0168067226890756,0.22148823,36489.0,光電(興櫃),光焱科技,光電(興櫃),0,0,0,0
^TWII,47631.9609375,-0.817582264558741,0.0,0.0,指數/原物料,加權指數,指數/原物料,0,0,0,0
^DJI,51398.12109375,-0.16198169442959157,0.0,0.0,指數/原物料,道瓊工業,指數/原物料,0,0,0,0
^GSPC,7682.4501953125,-0.016134775130230004,0.0,0.0,指數/原物料,S&P 500,指數/原物料,0,0,0,0
^IXIC,26820.8125,0.0016093754494508642,0.0,0.0,指數/原物料,那斯達克,指數/原物料,0,0,0,0
^SOX,12702.796875,1.9057526061142211,0.0,0.0,指數/原物料,費城半導體,指數/原物料,0,0,0,0
^VIX,15.899999618530273,-1.0578723056771338,0.0,0.0,指數/原物料,美股 VIX,指數/原物料,0,0,0,0
GC=F,4194.7998046875,-2.9251223019501644,0.0,0.0,指數/原物料,黃金,指數/原物料,0,0,0,0
SI=F,61.36000061035156,0.22868243524486095,0.0,0.0,指數/原物料,白銀,指數/原物料,0,0,0,0
HG=F,6.620999813079834,0.8376458797812619,0.0,0.0,指數/原物料,銅,指數/原物料,0,0,0,0
CL=F,90.72000122070312,-2.0302346483767724,0.0,0.0,指數/原物料,原油,指數/原物料,0,0,0,0
HRC=F,1321.0,6.963562753036437,0.0,0.0,指數/原物料,熱軋鋼,指數/原物料,0,0,0,0
