Date,Code,Name,EntryPrice,PctChange,Note
2026-09-29,3615,安可,41.65,9.89,漲停
2026-09-29,4174,浩鼎,35.65,9.86,漲停
2026-09-29,3162,精確,80.9,9.92,漲停
2026-09-29,3219,倚強科,125.5,9.61,漲停
2026-09-29,6187,萬潤,1310.0,9.62,漲停
2026-09-29,6207,雷科,137.5,10.0,漲停
2026-09-29,6620,漢達,136.0,9.68,漲停
2026-09-29,2221,大甲,180.0,9.76,漲停
2026-09-29,5013,強新,35.25,9.98,漲停
2026-09-29,5220,萬達光電,22.0,10.0,漲停
2026-09-29,5309,系統電,59.1,9.85,漲停
2026-09-29,6532,瑞耘,108.0,9.64,漲停
2026-09-29,4768,晶呈科技,357.5,10.0,漲停
2026-09-29,3498,陽程,235.0,9.81,漲停
2026-09-29,8027,鈦昇,202.0,9.78,漲停
2026-09-29,8227,巨有科技,337.0,9.95,漲停
2026-09-29,6925,意藍,75.0,9.97,漲停
2026-09-29,7547,碩網,65.3,9.93,漲停
2026-09-29,8935,邦泰,19.3,9.97,漲停
2026-09-29,2020,美亞,24.3,9.95,漲停
2026-09-29,2030,彰源,33.4,9.87,漲停
2026-09-29,1597,直得,146.5,9.74,漲停
2026-09-29,1617,榮星,21.9,9.77,漲停
2026-09-29,2305,全友,69.1,9.86,漲停
2026-09-29,2340,台亞,38.0,9.99,漲停
2026-09-29,3021,鴻名,29.6,9.83,漲停
2026-09-29,3094,聯傑,59.7,9.94,漲停
2026-09-29,3419,譁裕,11.8,9.77,漲停
2026-09-29,3518,柏騰,37.4,10.0,漲停
2026-09-29,3543,州巧,50.2,9.85,漲停
2026-09-29,3550,聯穎,26.2,9.85,漲停
2026-09-29,3717,聯嘉投控,27.85,9.86,漲停
2026-09-29,4551,智伸科,179.5,9.79,漲停
2026-09-29,5234,達興材料,322.0,9.9,漲停
2026-09-29,6133,金橋,28.5,9.83,漲停
2026-09-29,6225,天瀚,55.4,9.92,漲停
2026-09-29,6405,悅城,45.55,9.89,漲停
2026-09-29,6456,GIS-KY,89.4,9.96,漲停
2026-09-29,6533,晶心科,303.5,9.96,漲停
2026-09-29,6901,鑽石投資,17.25,9.87,漲停
2026-09-29,6957,裕慶-KY,337.5,9.93,漲停
2026-09-29,8201,無敵,14.6,9.77,漲停
2026-09-30,3581,博磊,117.0,9.86,漲停
2026-09-30,3105,穩懋,542.0,9.94,漲停
2026-09-30,3259,鑫創,10.65,9.68,漲停
2026-09-30,5483,中美晶,207.5,9.79,漲停
2026-09-30,6182,合晶,133.0,9.92,漲停
2026-09-30,6207,雷科,151.0,9.82,漲停
2026-09-30,6485,點序,77.0,10.0,漲停
2026-09-30,6488,環球晶,1035.0,9.52,漲停
2026-09-30,6532,瑞耘,118.5,9.72,漲停
2026-09-30,4556,旭然,101.5,9.85,漲停
2026-09-30,4577,達航科技,92.4,10.0,漲停
2026-09-30,4729,熒茂,20.65,9.84,漲停
2026-09-30,3615,安可,45.8,9.96,漲停
2026-09-30,4174,浩鼎,39.2,9.96,漲停
2026-09-30,1595,川寶,85.3,9.92,漲停
2026-09-30,6643,M31,555.0,9.9,漲停
2026-09-30,6708,天擎,51.7,9.88,漲停
2026-09-30,1709,和益,48.4,10.0,漲停
2026-09-30,2020,美亞,26.7,9.88,漲停
2026-09-30,2025,千興,14.65,9.74,漲停
2026-09-30,2030,彰源,36.7,9.88,漲停
2026-09-30,2033,佳大,42.35,10.0,漲停
2026-09-30,4939,亞電,82.8,9.96,漲停
2026-09-30,5220,萬達光電,24.2,10.0,漲停
2026-09-30,1617,榮星,24.05,9.82,漲停
2026-09-30,8027,鈦昇,222.0,9.9,漲停
2026-09-30,8227,巨有科技,370.5,9.94,漲停
2026-09-30,2466,冠西電,124.5,9.69,漲停
2026-09-30,2483,百容,35.75,10.0,漲停
2026-09-30,2409,友達,38.55,9.99,漲停
2026-09-30,6116,彩晶,16.35,9.73,漲停
2026-09-30,6120,達運,14.35,9.96,漲停
2026-09-30,6672,騰輝電子-KY,369.0,9.99,漲停
2026-09-30,6691,洋基工程,719.0,9.94,漲停
2026-09-30,3481,群創,54.7,9.95,漲停
2026-09-30,3518,柏騰,41.1,9.89,漲停
2026-09-30,3576,聯合再生,19.7,9.75,漲停
2026-09-30,3673,TPK-KY,75.5,9.9,漲停
2026-09-30,3686,達能,16.3,9.76,漲停
2026-09-30,3701,大眾控,45.9,9.94,漲停
2026-09-30,4545,銘鈺,39.1,9.99,漲停
2026-09-30,6405,悅城,50.1,9.99,漲停
2026-09-30,6533,晶心科,333.5,9.88,漲停
2026-09-30,3092,鴻碩,25.0,9.89,漲停
2026-09-30,3149,正達,74.0,9.96,漲停
2026-09-30,6957,裕慶-KY,371.0,9.93,漲停
2026-09-30,7799,禾榮科,539.0,9.89,漲停
2026-09-30,8039,台虹,300.5,9.87,漲停
2026-09-30,8105,凌巨,16.35,9.73,漲停
2026-09-30,8150,南茂,114.5,9.57,漲停
