datetime,open,high,low,close,volume
2026-09-30 09:00:00+08:00,47767.48828125,48211.5390625,47767.48828125,48132.25,0
2026-09-30 09:05:00+08:00,48129.21875,48176.51171875,48089.140625,48155.03125,0
2026-09-30 09:10:00+08:00,48155.75,48185.44921875,48075.69140625,48119.23828125,0
2026-09-30 09:15:00+08:00,48113.359375,48166.578125,48076.26171875,48166.578125,0
2026-09-30 09:20:00+08:00,48162.48046875,48261.76953125,48145.80859375,48242.890625,0
2026-09-30 09:25:00+08:00,48242.078125,48295.2109375,48211.390625,48248.359375,0
2026-09-30 09:30:00+08:00,48242.78125,48299.8203125,48228.08984375,48258.91015625,0
2026-09-30 09:35:00+08:00,48257.9609375,48298.98046875,48220.69921875,48257.53125,0
2026-09-30 09:40:00+08:00,48260.96875,48269.80859375,48196.109375,48235.5703125,0
2026-09-30 09:45:00+08:00,48244.78125,48332.0703125,48235.23828125,48332.0703125,0
2026-09-30 09:50:00+08:00,48293.140625,48331.73828125,48253.01953125,48319.62109375,0
2026-09-30 09:55:00+08:00,48321.73046875,48372.6484375,48278.44140625,48319.21875,0
2026-09-30 10:00:00+08:00,48318.12890625,48360.23828125,48290.05859375,48320.48046875,0
2026-09-30 10:05:00+08:00,48318.44921875,48377.7109375,48310.640625,48370.03125,0
2026-09-30 10:10:00+08:00,48373.55078125,48379.7109375,48286.16015625,48286.16015625,0
2026-09-30 10:15:00+08:00,48326.87109375,48339.55078125,48274.328125,48339.328125,0
2026-09-30 10:20:00+08:00,48338.01171875,48370.23046875,48289.171875,48316.87109375,0
2026-09-30 10:25:00+08:00,48317.01953125,48317.01953125,48235.03125,48273.55859375,0
2026-09-30 10:30:00+08:00,48273.55859375,48282.1796875,48195.30078125,48195.30078125,0
2026-09-30 10:35:00+08:00,48197.94140625,48249.71875,48192.7890625,48201.58984375,0
2026-09-30 10:40:00+08:00,48198.5390625,48252.16015625,48173.12890625,48227.16015625,0
2026-09-30 10:45:00+08:00,48228.390625,48259.4609375,48185.359375,48252.69140625,0
2026-09-30 10:50:00+08:00,48254.8515625,48255.94140625,48187.55078125,48196.51171875,0
2026-09-30 10:55:00+08:00,48228.87109375,48233.140625,48162.0,48163.08984375,0
2026-09-30 11:00:00+08:00,48165.2109375,48210.03125,48151.19921875,48206.44140625,0
2026-09-30 11:05:00+08:00,48172.2890625,48217.140625,48142.30078125,48145.23046875,0
2026-09-30 11:10:00+08:00,48142.75,48185.98046875,48110.48828125,48165.19921875,0
2026-09-30 11:15:00+08:00,48170.9609375,48170.9609375,48097.328125,48099.6015625,0
2026-09-30 11:20:00+08:00,48137.87109375,48156.23046875,48091.87890625,48156.23046875,0
2026-09-30 11:25:00+08:00,48153.19921875,48170.828125,48109.46875,48126.69921875,0
2026-09-30 11:30:00+08:00,48132.4609375,48182.30078125,48119.640625,48182.30078125,0
2026-09-30 11:35:00+08:00,48188.37890625,48208.23828125,48141.30078125,48200.7109375,0
2026-09-30 11:40:00+08:00,48200.94921875,48216.62890625,48162.2109375,48164.2890625,0
2026-09-30 11:45:00+08:00,48162.390625,48211.53125,48157.62109375,48211.53125,0
2026-09-30 11:50:00+08:00,48211.21875,48237.1796875,48166.03125,48181.73828125,0
2026-09-30 11:55:00+08:00,48185.58984375,48227.3515625,48166.12890625,48217.73046875,0
2026-09-30 12:00:00+08:00,48216.6015625,48223.55859375,48165.96875,48219.7890625,0
2026-09-30 12:05:00+08:00,48213.01171875,48265.98828125,48173.9609375,48219.55859375,0
2026-09-30 12:10:00+08:00,48215.46875,48259.25,48207.6796875,48214.5390625,0
2026-09-30 12:15:00+08:00,48215.1484375,48255.30859375,48192.58984375,48236.3984375,0
2026-09-30 12:20:00+08:00,48234.6796875,48250.26171875,48198.03125,48204.890625,0
2026-09-30 12:25:00+08:00,48244.51953125,48257.46875,48200.51953125,48257.46875,0
2026-09-30 12:30:00+08:00,48256.80859375,48266.87109375,48212.25,48263.609375,0
2026-09-30 12:35:00+08:00,48263.96875,48287.58984375,48223.0,48243.109375,0
2026-09-30 12:40:00+08:00,48241.76953125,48285.0703125,48228.33984375,48229.578125,0
2026-09-30 12:45:00+08:00,48229.0,48276.25,48219.578125,48219.578125,0
2026-09-30 12:50:00+08:00,48225.55078125,48268.609375,48170.171875,48170.171875,0
2026-09-30 12:55:00+08:00,48165.53125,48212.98828125,48161.80078125,48171.73046875,0
2026-09-30 13:00:00+08:00,48215.69140625,48239.26953125,48210.12890625,48233.1484375,0
2026-09-30 13:05:00+08:00,48236.87890625,48242.01953125,48199.23046875,48237.6015625,0
2026-09-30 13:10:00+08:00,48232.12109375,48242.66015625,48186.2109375,48187.7890625,0
2026-09-30 13:15:00+08:00,48192.3203125,48192.3203125,48083.83984375,48128.2109375,0
2026-09-30 13:20:00+08:00,48130.01171875,48153.48828125,48092.66015625,48115.73046875,0
2026-09-30 13:25:00+08:00,48163.890625,48163.890625,48163.78125,48163.78125,0
